filename,title,prefix,namespace_uri,description,version,license,creators,date_modified,date_issued,see_also,imports,classes,properties,primary_domain,secondary_domain,cluster,conforms_to
aec3po.ttl,AEC3PO,aec3po,https://w3id.org/lbd/aec3po/,"The Architecture, Engineering, Construction, Compliance Checking and Permitting Ontology (AEC3PO) is an ontology developed to support the automated compliance checking of construction, renovation, and demolition works. It has been developed in the context of the Automated Compliance Checking for Construction, Renovation or Demolition Works (ACCORD) project, an ERC/Horizon-funded project that aims to digitalise permitting and compliance processes.",,,"https://w3id.org/lbd/aec3po/edlira, https://w3id.org/lbd/aec3po/pan",,2025-04-22,https://ci.mines-stetienne.fr/aec3po/,"cc, dct, ns1, prov, schema1, skos, vann",,,Planning Permission,,,
aic.ttl,Agents in Construction (AiC) Ontology,aic,https://w3id.org/aic#,"The Agents in Construction (AiC) ontology is a lightweight semantic model for coordinating on-site production in construction. It represents construction agents (human workers, robots, and other autonomous hardware) and their state as they operate on a site: the processes they carry out, the elements they modify, the resources they handle, and the operational modes and metrics used to assess their performance and impact. To express how agents' operations evolve over time, AiC introduces meta-properties that specify when a statement holds (at an instant or over an interval), what dimension of information it represents (planned, simulated, or performed), and who generated it. The ontology emphasizes generic, trade-agnostic concepts to ensure broad applicability across project types and delivery methods.",1.1.0,https://creativecommons.org/licenses/by/4.0/,"Irfan Čustović, Jianpeng Cao, Ranjith Soman",,2026-06-20,https://digiconstructlab-tu-delft.github.io/AiC-Ontology/,"dcterms, vann, beo, bot, csite, cto, dica, dice, dicm, dicp, dtc, ioc, nen2660",,,Production (Process),,,
ao.ttl,Annotations Ontology,ao,http://bimerr.iot.linkeddata.es/def/annotation-objects#,"The Annotation Objects ontology aims to represent the annotations produced during the development of a building renovation project. These annotations serve to inform about issues or missing information that could be relevant for the project, such as indicating that a building element is missing in the BIM model.",0.0.2,CC BY 4.0,"María Poveda-Villalón, Serge Chávez-Feria, http://www.oeg-upm.net/",,2020,https://bimerr.iot.linkeddata.es/,"dc, vann, building, io, kpi",,,Information Management,,BIMERR,
aoi.ttl,Areas of Interests,aoi,https://w3id.org/aoi#,"The ontology for Areas of Interest (AOI) is an auxiliary ontology that semantically describes areas on a component which contain other subcomponents or objects. This is especially useful for the semantic localization of affecting damages(defined in DOT). The concept of AOI aims for extending current web ontologies that are formalized in OWL without significantly changing their proposed modelling concepts. Instead, the AOI ontology provides an additional modelling option, which enhances the extended ontologies with a function to locate objects that are topologically connected.",0.2,https://creativecommons.org/licenses/by/1.0,n58a9afe097114a0c863ca8ba95224fd8b1,,2021,http://dx.doi.org/10.13140/RG.2.2.32606.97607,"foaf, vann, dcterms, dot",,,BE Product (Building),,,
asbingowl.ttl,ASB-ING Ontology,asb,https://w3id.org/asbingowl/core#,the ”ASBING” - the German standard data model to describe infrastructural artefacts in many use cases. It supports semantic description of infrastructure elements especially bridges enabling standardised documentation of inspections conditions and quality information across diverse infrastructure management and assessment use cases within public asset maintenance planning monitoring reporting and decision making contexts.,,https://creativecommons.org/licenses/by/4.0,nb54696d7e2d64406b6802d74451d2597b1,,2022,https://publications.rwth-aachen.de/record/824017/files/824017.pdf,"dcterms, vann, foaf",,,BE Product (Infrastructure),Quality,,
bao.ttl,Building Assessment Ontology,bao,https://alexdonkers.github.io/bao#,"The Building Assessment Ontology is a consice ontology, developed to semantically describe standards, building codes, certification schemes and regulations in the AEC industry. It's aim is to make the integration of such schemes with the actual building easier, to automate the performance evaluation of buildings. The ontology could describe both simple assessment criteria and complex algorithms with multiple parameters. The ontology has been developed based on common certification schemes related to building performance (including LEED v4.1 O+M, BREEAM In-Use, WELL v2, Green Star - Performance, Energy Star, Green Globes EB and BOMA BEST Sustainable Buildings 3.0)",1.0,,https://orcid.org/0000-0002-8809-3277,,2021,https://alexdonkers.github.io/bao/,"dcterms, vann, skos, foaf",,,"Standards, Codes and Certifications",,,
bcao.ttl,Building Circularity Assessment Ontology,bcao,https://github.com/linmor-sys/BCAO.owl#,Structures manufacturer product data needed for the circularity assessment at the early design phase.,,,,,2021,https://github.com/linmor-sys/BCAO,,,,Circular Economy,,,"ISO/CEN 23386, ISO/CEN 23387"
bcfowl.ttl,BIM collaboration Format Ontology,bcfowl,http://lbd.arch.rwth-aachen.de/bcfOWL_V1/index-en.html,Ontology for the BCF standard. It models coordination information such as issues viewpoints and comments enabling interoperable exchange of BIM collaboration data across software tools and project stakeholders.,0.7.0,https://creativecommons.org/licenses/by/4.0/,"Jakob Beetz, Jyrki Oraskai, Oliver Schulz",,2022,https://linkedbuildingdata.net/ldac2021/files/papers/CIB_W78_2021_paper_122.pdf,"ifc, foaf, vann, dcterms, bot, geosparql",,,Information Management,,,BCF
bem-reno.ttl,BEM-Reno Ontology,bem-reno,,"An ontology for BEM development in renovation projects. The BEM-Reno ontology was developed to represent concepts related to the building energy model of a building under renovation, the goal is to support the development of BEM models with the sufficient information required to perform building energy analysis in the context of renovation projects, especially to support the manual tasks that make part of BIMtoBEM approaches. The ontology covers concepts and relations regarding the existing conditions of the building, material features, building systems, operational schedules, and thermal characteristics.",0.1.1,GPL 3.0,bim-speed/Jerson Pinzon,,2020-10-31T12:00:00,https://depositonce.tu-berlin.de/handle/11303/11740.2,terms,,,Energy,,,
beo.ttl,Building Element Ontology,beo,https://pi.pauwel.be/voc/buildingelement#,"The Building Element Ontology provides an ontology based on the IfcBuildingElement subtree in the IFC specification, containing a taxonomy of classes that allow to define common building elements.",December 27th 2018,https://creativecommons.org/licenses/by/1.0/,n6c01a1e771484c139a158e69f91dca1db1,,2018-12-27,https://pi.pauwel.be/voc/buildingelement,"dc, dcterms, gr, vann, voaf, vs, foaf, schema",,,BE Product (Building),,,
bm.ttl,BIMERR Metadata ontology,bm,https://bimerr.iot.linkeddata.es/def/metadata/,Ontology module that includes the medata and annotation terms needed in the BIMERR project. It supports structured description of datasets documents and ontology elements enabling consistent annotation governance and information management across renovation related data resources.,0.0.1,http://purl.org/NET/rdflicense/cc-by4.0,"María Poveda-Villalón, Serge Chávez-Feria, http://www.oeg-upm.net/",,2020,https://bimerr.iot.linkeddata.es/,"dc, dcterms, vann, skos",,,Information Management,,BIMERR,
bop.ttl,Building Performance Ontology,bop,https://w3id.org/bop#,"The BOP is designed to integrate topological building information with both static and dynamic properties, creating a unified data environment for complex building performance assessments that includes sensors and Actuators for smart homes.",1.5,CC BY 4.0,https://orcid.org/0000-0002-8809-3277,,2021,https://w3id.org/bop#,"foaf, skos, vann, dcterms",,,Energy,IoT Sensors/Actuators,,
bot.ttl,The Building Topology Ontology (BOT),bot,https://w3id.org/bot#,BOT is a minimal ontology for describing the core topological concepts of a building. It focuses on spatial structure and relationships between buildings spaces and elements providing a reusable semantic foundation for building modelling and for extension by more specialised building ontologies.,0.3.2,https://creativecommons.org/licenses/by/1.0/,"Mads Holten Rasmussen, Pieter Pauwels, Maxime Lefrançois, Georg Ferdinand Schneider, http://maxime-lefrancois.info/me#, https://orcid.org/0000-0002-2033-859X, https://orcid.org/0000-0002-6519-7057, https://orcid.org/0000-0001-8020-4609",,2020-07-31T08:51:00,https://www.semantic-web-journal.net/system/files/swj2279.pdf,"dcterms, vann, voaf, vs, vcard, schema",,,BE Product (Building),,,ISO-12006
bpo.ttl,Building Product Ontology,bpo,https://w3id.org/bpo#,"The BPO's scope is on the schematic description of product only, not including geometry or material compositions. Therefore, it can be used to describe theoretical product components without geometric representations as well as those with geometric representations without restrictions.",1.2,CC BY 4.0,"ndf5e30ba85d149319cefd04ee8117e7cb8, ndf5e30ba85d149319cefd04ee8117e7cb9, ndf5e30ba85d149319cefd04ee8117e7cb10, ndf5e30ba85d149319cefd04ee8117e7cb11",,2019,https://annawagner.github.io/bpo/,"dce, foaf, gr, qudt, schema, seas, vann",,,BE Product (Building),,,
brick.ttl,Brick,brick,,"Brick is an open-source, BSD-licensed development effort to create a uniform schema for representing metadata in buildings. t models building equipment points and relationships supporting interoperability analytics and management of building systems across software platforms and operational use cases.",1.4.4,https://github.com/BrickSchema/brick/blob/master/LICENSE,"nb8b1fdc06e4b447aaec331326117d2f8b7274, nb8b1fdc06e4b447aaec331326117d2f8b7276",,2025-05-01,https://brickschema.org/resources/,"bacnet, brick, bsh, dcterms, qudt, qudtqk, rec, ref, s223, sdo, sh, skos, tag, unit, vcard, sosa",,,BE Product (Building),Energy,,
brot.ttl,Bridge Topology Ontology,brot,https://w3id.org/brot#,"The Bridge Topology Ontology (BROT) allows the definition of bridge constructions including aggregated zones and components as well as their topological relations. The ontology supports a generic modeling approach and therefore could be applied for any bridge type (e.g. suspension bridge or girder bridge). brot:Bridge can be subdivided into multiple components (brot:BridgeElement) and zones (brot:BridgeSpatialZone), whereby also common zones such as the superstructure (brot:BridgeSuperStructure) and substructure (brot:BridgeSubstructure) are supported. Furthermore, BROT allows the definition of joints (brot:BridgeJoint) and coatings (brot:BridgeCoating) as well as object properties for describing the vertical relation between two components or zones.",0.21,https://creativecommons.org/licenses/by/1.0,"nac569abc5abf40d68270b2c47f1072fbb1, nac569abc5abf40d68270b2c47f1072fbb2",,29th March 2022,https://alhakam.github.io/brot/,"foaf, vann, schema, dcterms",,,BE Product (Infrastructure),,,
building.ttl,Building Ontology,building,http://bimerr.iot.linkeddata.es/def/building#,"The purpose of the Building Ontology is to represent the main topological relationships that exists between entities in the building domain. Furthermore, the model aims to represent the main components and systems directly involved in energy related aspects of buildings. This model works as the core module within the BIMERR Ontology Network, where several other domains related to the building industry are connected to it. The model takes as layout the BOT Ontology to represent the topological structure of buildings. Additionally, it reuses concepts from the SAREF4Building Ontology to represent the main components and systems that directly impact the energy consumption of buildings and are suceptible to change in a renovation project.",0.1.5,http://purl.org/NET/rdflicense/cc-by4.0,"The Building ontology has been developed to perform as the core module of the BIMERR project, containing information related to buidling topology, components, materials, and geometry. The geometry information is managed as information objects whitout entering in the details of the BIM model., María Poveda-Villalón, Serge Chávez-Feria, http://www.oeg-upm.net/",,2020,https://bimerr.iot.linkeddata.es/,"dc, dcterms, wgs84_pos, io, kpi, mat, saref, bot, saref4bldg",,,BE Product (Building),,BIMERR,
cdc.ttl,CDC: Construction Dataset Context ontology,cdc,https://w3id.org/cdc#,"The Construction Dataset Context (CDC) ontology is an extension of DCAT v2.0, a W3C Recommendation ontology for describing (RDF and non-RDF) datasets published on the Web. Using this extension, it becomes possible to describe a context for construction-related datasets that are being distributed using Web technology as well as datasets that are not shared outside an organization such as local copies, work in progress and other datasets that remain internal. This dataset metadata encompasses the temporal context (period or snapshot), the type of content of the dataset (as-built, design, etc.) and relations between contextualized datasets (previous as-built, requirements related to a design, etc.). In addition, this DCAT extension also provides terminology for managing dataset distributions that are scoped to a certain (named or default) graph of an RDF file or quadstore",0.0.1,CC BY 4.0,n27c636b0fc0544dc8c7b038991a21c53b1,,2020-12-18,,"cc, dbr, dcat, dcterms, schema, vann, vcard, voaf, vs",,,Information Management,,,
ci.ttl,The Cost Item (CI) Ontology,ci,http://w3id.org/ci#,"The Cost Item (CI) ontology represents the cost domain and defines a structured model for describing and aggregating cost items and their components. It extends IfcCostItem from IFC4x3 and introduces the class ci:CostItem, which aggregates instances of ci:CostComponent through ci:hasPart. The ontology integrates QUDT for units, supports connections to IFC geometry, and aligns cost activities with DTC tasks. By linking with CR, it ensures consistent semantic mapping between cost, resources, and geometry for model-based estimation.",0.2,https://creativecommons.org/licenses/by/4.0/,"nde7ad4a9d8954e889c6b45bdb5440961b3, nde7ad4a9d8954e889c6b45bdb5440961b4",,2025-04-07,http://www.doi.org/10.35490/EC3.2025.263,"dcterms, vann, qudt, schema, cr, cterm",,,Cost,,CTERM,
contax.ttl,ConTax ontology,contax,https://w3id.org/con-tax#,"The ConTax ontology contains additional terminology for structuring and annotating RDFS/OWL taxonomies for describing constructions (components, materials, spatial zones, damages, construction tasks and properties). It also functions as an index for known taxonomies starting from root classes and properties.",0.0.1,CC BY 4.0,n355c8db4d2714725b3a45e0b309eb07eb1,,2020-11-29,https://w3id.org/con-tax#,"cc, dbr, dcat, dct, furn, gvp, mdcs, mep, opm, pi, schema, skos, vann, vcard, voaf, beo, bot, cto, dot, fog, omg",,,BE Product (Building),Production (Process),,
cr.ttl,The Construction Resources (CR) Ontology,cr,http://w3id.org/cr#,"The Construction Resources (CR) ontology defines the shared resource domain connecting cost, scheduling and geometrical data. The central class cr:Resource specializes into cr:LabourResource, cr:EquipmentResource, and cr:MaterialResource, aligned respectively with DTC classes for workers, equipment, and materials. It includes mechanisms for aggregation (cr:hasSubResource), and cross-domain assignments (cr:AssignmentSet, cr:Assignment) linking ci:CostItem, dtc:Task, and ifc:IfcProduct. Parameters such as quantity, utilization rate, and formulas enable accurate data exchange between domains. CR bridges CI and DTC, ensuring unified representation of resources for cost- and time-centric project management.",http://w3id.org/cr#,https://creativecommons.org/licenses/by/4.0/,"n2ac28bcca740480784eeea184d8934ccb3, n2ac28bcca740480784eeea184d8934ccb4",,2025-04-07,http://www.doi.org/10.35490/EC3.2025.263,"dcterms, vann, qudt, schema, dtc, ci, cterm",,,Resources,,CTERM,
cterm.ttl,The Construction Terminology (CTERM) Ontology,cterm,http://w3id.org/cterm#,"The Construction Terminology (CTERM) ontology provides a multilingual and structured vocabulary for describing construction concepts and parameters. It defines classes such as cterm:Object, cterm:Material, cterm:Function, cterm:Aspect, and cterm:Finishing, used by CI and CR for consistent annotation. Parameter subclasses (cterm:DimensionParameter, cterm:PhysicalParameter, cterm:PerformanceParameter) model measurable or qualitative characteristics using QUDT units. CTERM supports multiple classification systems (DIN 276, UNI 8290, Uniclass, Omniclass, Uniformat, StLB) and includes multilingual labels (e.g., “Reinforcement”@en, “Bewehrung”@de, “Armatura”@it). It acts as the terminological backbone of the ontology network and can be exported as a SKOS vocabulary in future work.",0.2,https://creativecommons.org/licenses/by/4.0/,"nc3210ec35b9f48db8bdd2eb1d8fa0e44b3, nc3210ec35b9f48db8bdd2eb1d8fa0e44b4",,2025-04-07,http://www.doi.org/10.35490/EC3.2025.263,"dcterms, vann, qudt, schema, ci, cr",,,Production (Process),,CTERM,
cto.ttl,CTO: Construction Tasks Ontology,cto,https://w3id.org/cto#,"The Construction Tasks Ontology (CTO) describes tasks operating on construction elements, spatial zones and/or damages. The tasks are either planned or executed depending on the dataset metadata context of the dataset its used in. Five different types of tasks are defined: instalment, removal, modification, repair and inspection. Consequences of tasks on the dataset, i.e. added and/or deleted triples, are modeled using reified statements (RDF reification). The tasks can link to a reified statement using the CTO relations.",0.0.1,CC BY 4.0,n4ed8e571ed3243329c99354db6eeecc2b1,,2020-12-18,https://mathib.github.io/cto-ontology/,"cc, dbr, dct, schema, vann, vcard, voaf, bot, dot",,,Production (Process),,COGITO,
dano.ttl,Drawing Analyis Ontology (DAnO),dano,https://w3id.org/dano#,"DAnO is designed to standardize the representation of technical drawing data extracted through computer vision techniques. Focusing on floor plans, DAnO enables the aggregation, integration, and validation of extracted elements by defining key concepts, such as DrawingElement, DisplayElement, and DescriptionElement, and their relationships.",v0.2,https://creativecommons.org/licenses/by/4.0/,"n05ee3b08038c4d7a85576e0841030635b1, n05ee3b08038c4d7a85576e0841030635b3",,2025-07-15,https://doi.org/10.1016/j.aei.2025.103761,"dc, foaf, schema, skos, vann, geosparql",,,Geometry,,,
db.ttl,Digital Buildings,db,,Ontology supporting semantic modelling of building information derived from computer vision analysis of drawings and plans. It enables structured representation of building elements extracted from visual data to support digital building analysis.,0.0.1,Apache-2.0,,,2024,https://google.github.io/digitalbuildings/ontology/,"db, ns5, ns6",,,BE Product (Building),IoT Sensors/Actuators,,
dica.ttl,Digital Construction Agents,dica,https://w3id.org/digitalconstruction/0.5/Agents#,"Ontology defining key agent related concepts in digital construction environments. It models actors and digital agents involved in construction processes enabling representation of responsibilities interactions and information exchange between systems and stakeholders. Represents key concepts, such as DrawingElement, DisplayElement, and DescriptionElement",0.5,https://creativecommons.org/licenses/by/4.0/,"Seppo Törmä, Yuan Zheng",,2020-01-12,https://digitalconstruction.github.io/Agents/v/0.5/,"dc, dcterms, vann, dice, dicp",,,Resources,,Digital Construction,
dicc.ttl,Digital Construction Contexts,dicc,https://w3id.org/digitalconstruction/0.5/Contexts#,"Context ontology provides the basic representation mechanisms for multi-context information in contruction and renovation projects. The Digital Construction Contexts contain the definitions to maintain different realms of information, for instance, information about as-is, as-designed, as-built and as-maintained models; planned versus actual execution of activities; models containing information up to a specific LOD level; plans for alternative construction methods or renovation scenarios.",0.5,https://creativecommons.org/licenses/by/4.0/,"Seppo Törmä, Yuan Zheng",,2019-12-20,https://digitalconstruction.github.io/Contexts/v/0.5/,"dc, dcterms, vann",,,Production (Process),,Digital Construction,
dice.ttl,Digital Construction Entities,dice,https://w3id.org/digitalconstruction/0.5/Entities#,"Digital Construction Entities (DICE) ontology defines the basic terms useful to represent digitalized construction processes (utilizing BIM, IoT, mobile devices, ERP, and so on) and modern construction management methods and practices developed in the field of lean construction. The purpose is to enable the representation of connections between data objects produced by different digital systems.",0.5,https://creativecommons.org/licenses/by/4.0/,"Seppo Törmä, Yuan Zheng",,2020-01-12,https://digitalconstruction.github.io/Entities/v/0.5/,"dc, dcterms, vann, dicc, dicv",,,Production (Process),,Digital Construction,ISO/IEC 21838-2
dices.ttl,Digital Construction Energy,dices,https://w3id.org/digitalconstruction/0.5/Energy#,"Digitial Construction Energy Systems ontology is defined to address lifecycle assessment parameters of energy systems. It extends the SAREF Core ontology by incorporating concepts (e.g. cost related parameters, LCA related aspects etc..) relevant to lifecycle assessment.",0.5,https://creativecommons.org/licenses/by/4.0/,"Kostas Tsatsakis, Spiros Kousouris, SUITE5",,2019,https://digitalconstruction.github.io/Energy/v/0.5/,"dc, unit, vann, terms, quantitykind, dice, dici, dicp, dicu, dicv",,,Energy,,Digital Construction,
dici.ttl,Digital Construction Information,dici,https://w3id.org/digitalconstruction/0.5/Information#,"Digital Construction Information ontology defines the concepts and relations for information content entities in construction and renovation domain. Examples of such entities are BIM models, drawings, point clouds, plans, contracts, issues, and messages. It also includes more technical information enties such as variables, labels, scenarios, and so on. The model covers specifically the different information contents and does not address the question on which physical physical carriers (paper, disk, claoud storage, ...) the content is stored.",0.5,https://creativecommons.org/licenses/by/4.0/,"Seppo Törmä, Yuan Zheng",,2020-01-12,https://digitalconstruction.github.io/Information/v/0.5/,"dc, vann, terms, dica, dicc, dice, dicp, dicv",,,Information Management,,Digital Construction,
dicl.ttl,Digital Construction Lifecycle,dicl,https://w3id.org/digitalconstruction/0.5/Lifecycle#,"An ontology to represent the enhancement of building data throughout the construction lifecycle stages. The final goal is to describe clearly activities, tasks, and sequences, their interrelation to stakeholders involved and the required information.",0.5,https://creativecommons.org/licenses/by/4.0/,Janakiram Karlapudi (janakiram.karlapudi@tu-dresden.de),,2022,https://digitalconstruction.github.io/Lifecycle/v/0.5/,"vann, terms, prov, dica, dicc, dice, dicp",,,Production (Process),,Digital Construction,"BS EN 16310:2013, HOAI, RIBA, ISO 22263"
diclvl.ttl,A vocabulary for LOD levels,diclvl,https://w3id.org/digitalconstruction/0.5/Levels#,"Digital Construction Levels vocabulary defines LOD systems and their specific levels as individuals. Note that as this module is a vocabulary, it only specifies named individuals (instances of classes), and does not define any new classes or properties.",0.5,,"Janakiram Karlapudi (janakiram.karlapudi@tu-dresden.de), Prathap Valluru (prathap.valluru@tu-dresden.de)",,,,"terms, vann, dicl",,,BE Product (Building),BE Product (Infrastructure),Digital Construction,
dicm.ttl,Digital Construction Materials,dicm,https://w3id.org/digitalconstruction/0.5/Materials#,"The Digital Construction Building Material Ontology (DICBM) defines the necessary relationships between building elements, constructions’ details, materials and their properties. It aims to provide information related to construction details, materials, properties, values and units.",0.5,CC BY 4.0,"Janakiram Karlapudi (janakiram.karlapudi@tu-dresden.de), Prathap Valluru (prathap.valluru@tu-dresden.de)",,2021-04-21T16:00:00,https://digitalconstruction.github.io/Materials/v/0.5/,"dc, dct, vann, quantitykind, dice, dicv, dicu",,,Materials,,Digital Construction,
dicob.ttl,Digital Construction Occupancy,dicob,https://w3id.org/digitalconstruction/0.5/Occupancy#,"Ontology of occupants behaviour inside a building, including environmental conditions and users’ interactions set the parameters for an accurate comfort behavioural profile. Towards this direction, the scope of this ontological model is to align environmental data with users preferences under a common framework in order to define a dynamically adaptive comfort profiling model in a building environment. Extensions to the base ontologies (BOT, SSN) apply in order to address the specific requirements for the model framework.",0.5,https://creativecommons.org/licenses/by/4.0/,"Kostas Tsatsakis, Spiros Kousouris",,2020-01-12,https://digitalconstruction.github.io/Occupancy/v/0.5/,"dc, vann, terms, dica, dice, dici, dicp, dicu, dicv",,,Comfort,Safety,Digital Construction,
dicp.ttl,Digital Construction Processes,dicp,https://w3id.org/digitalconstruction/0.5/Processes#,"Process ontology provides the concepts for the activities and their relationships between different entities (building objects, information entities, resources, and the environment). The relationships are represented with variables and constraints.",0.5,https://creativecommons.org/licenses/by/4.0/,"Seppo Törmä, Yuan Zheng",,2019-12-20,https://digitalconstruction.github.io/Processes/v/0.5/,"dc, dcterms, vann, dice, dicv",,,Production (Process),,Digital Construction,
dicstg.ttl,A vocabulary for BLCS stages,dicstg,https://w3id.org/digitalconstruction/0.5/Stages#,"Digital Construction Stages vocabulary defines product lifecycle stage frameworks and their specific stages as individuals. Note that as this module is a vocabulary, it only specifies named individuals (instances of classes), and does not define any new classes or properties.",0.5,,"Janakiram Karlapudi (janakiram.karlapudi@tu-dresden.de), Prathap Valluru (prathap.valluru@tu-dresden.de)",,,,"terms, vann, dicl",,,Production (Process),,Digital Construction,
dicu.ttl,Digital Construction Units,dicu,https://w3id.org/digitalconstruction/0.5/Units#,"Digital Construction Units vocabulary defines units and quantity kinds that are specific to construction and renovation projects, for instance, concerning energy simulation results. Digital Construction Units vocabulary defines quantity kind and unit of measure individuals that are relevant in construction and renovation domain but not available in the Units and Quantitykind vocabularies of QUDT . Examples are various energy efficiency and cost related units. Note that as this module is a vocabulary, it only specifies named individuals (instances of classes), and does not define any new classes or properties.",,CC BY 4.0,,,2019,,"qudt, unit, vann, dicv",,,Energy,Cost,Digital Construction,
dicv.ttl,Digital Construction Variables,dicv,https://w3id.org/digitalconstruction/0.5/Variables#,"Ontology of objectified properties, variables and constraints. Variables are needed to represent the intermediate stages of problem solving or decision making that are encountered, for example, in planning and scheduling processes. Variables are defined as a class that resembles rdf:Statement used for RDF reification. A variable has a VariableDomain that is an instance-level representation for the set of possible values that can be given to the variable. Constraints are associated to variables, and they can concern one, two or more variables.",0.5,https://creativecommons.org/licenses/by/4.0/,Seppo Törmä,,2020-01-12,https://digitalconstruction.github.io/Variables/latest/,"dc, dcterms, vann",,,Production (Process),,Digital Construction,
dogont.ttl,DogOnt: Ontology Modeling for Intelligent Domotic Environments,dogont,https://iot-ontologies.github.io/dogont/documentation/index-en.html#,"The DogOnt ontology aims at offering a uniform, extensible model for all devices being part of a “local” Internet of Things inside a smart environment. Its major focus is on device modeling, for all the aspects needed to abstract device “capabilities” from low-level idiosyncrasies and communication issues.",4.0.2,Apache-2.0,Dario Bonino (dario.bonino@gmail.com),,2019-03-26,https://iot-ontologies.github.io/dogont/documentation/index-en.html,"cc, dcterms, gr, vann, foaf",,,IoT Sensors/Actuators,,,
dor.ttl,Decommissioning and Reuse Ontology,dor,https://z-arghavan.github.io/DORF/,"This is an ontology for the Semantic Material Bank, End-of-Life cycle and circular transformation. 
This ontology would serve as a standardized representation of the concepts and relationships involved in the material reuse process, providing a common framework for data integration and analysis, and facilitating knowledge sharing among stakeholders in the building deconstruction and material reuse community. The DOR ontology describes the concepts and relationships involved in the process of decommissioning a building, reclaiming reusable product, and supporting the reuse assessment and decision-making for later use in new construction projects. 
Additionally, DOR ontology would supports the processes involved in depositing reclaimed materials in a material bank,digital disgnosis, the conditions for acceptance of a material bank for second life cycle reuse, and the documentation required to ensure proper tracking and accounting of the materials in the construction industry..",,"http://creativecommons.org/licenses/by/4.0/
""DOR"" by ""Arghavan Akbarieh"" developer groups is
licensed under CC BY 4.0. You are free to share (copy and redistribute
the material in any medium or format) and adapt (remix, transform, and
build upon the material) for any purpose, even commercially. for any
purpose, even commercially. The licensor cannot revoke these freedoms as
long as you follow the license terms. You must give appropriate credit
(by using the original ontology IRI for the whole ontology and original
term IRIs for individual terms), provide a link to the license, and
indicate if any changes were made. You may do so in any reasonable
manner, but not in any way that suggests the licensor endorses you or
your use.
""DOR""by Arghavan Akbarieh is licensed
under CC BY 4.0 (https://creativecommons.org/licenses/by/4.0/).",,,2023,https://orbilu.uni.lu/handle/10993/58846,"dcterms, bot, bpo, dicm",,,Circular Economy,Materials,,ISO/DIS 59004
dot.ttl,Damage Topology Ontology,dot,https://w3id.org/dot#,The Damage Topology Ontology (DOT) allows the definition of damage representations and their relations with other damages and affected construction components.,0.8,https://creativecommons.org/licenses/by/1.0,"n3222e1fe66af4fc6a305d8bd72ea21eeb1, https://www.researchgate.net/profile/Mathias_Bonduel",,2019-02-17,https://alhakam.github.io/dot/,"brot, foaf, voaf, vann, schema, dcterms, bot",,,Quality,Safety,,
dstv.ttl,DSTV:Steel Construction Ontology,dstv,http://w3id.org/dstv#,"Represents steel construction components, profiles, tolerances, and manufacturing processes to enable semantic integration into robotics and automation systems. Supports the DSTV‑NC standard by formalizing process data and quality metrics for steel fabrication workflows.",1.0,,"Victoria Jung, Lukas Kirner, Jyrki Oraskari, Timur Kuzu, Individualized Production RWTH Aachen",,2025-08-04,https://ip.pages.rwth-aachen.de/ioc/dstv-ontologie/,"dc, dcterms, vann, schema, prov, ioc, ifc4-add2",,,BE Product (Building),Quality,,
dtc.ttl,Digital Twin Construction Ontology,dtc,https://dtc-ontology.cms.ed.tum.de/ontology#,"The Digital Twin Construction Ontology enables representing the most important concepts that are relevant for a digital twin of a construction site. It explicitly defines the project intent and project status. While the project intent describes the project aim in the form of, e.g., the construction schedule and a 3D building design, the project status describes the situation on the construction site as it was actually observed. In this way, project intent and status can be directly compared to identify any deviations between the two. The project intent is further differentiated into as-planned when referring to processes and as-designed when referring to processes and their required resources. Their counterparts of the project status are as-performed and as-built. The ontology is centred around the construction processes (dtc:Process). These are defined on three levels of detail. The processes have various types of construction resources (dtc:Resource) that are required for their execution, dedicated areas where they are performed (dtc:WorkingZone), preconditions that restrict their starting time (dtc:Precondition), and building elements (bot:Element) that result from their completion. The ontology is designed to form the starting point for representing digital twins of the construction phase. It is by no means an exhaustive list of all concepts related to Digital Twin Construction. The concepts defined here represent core concepts, which should be extended with domain-specific ontologies to cover specific digital twin use cases related to the construction phase.",,CC BY 4.0,,,2023-11-00,,"dc, dcterms, wgs84_pos, skos, vcard, foaf, pi, schema, geosparql, beo, bot",,,Production (Process),BE Product (Building),,
eco.ttl,ECO - Eurocode Core Ontology,ec,https://www.w3id.org/eurocodes/ec1990#,"The Eurocode Core Ontology (ECO) provides a formal semantic representation of foundational concepts from the Eurocodes, the European standards for structural design. It enables machine-readable interpretation of regulatory knowledge, supporting automated reasoning, semantic interoperability, and integration with engineering workflows. ECO is designed as a modular, extensible framework for use in intelligent, standards-compliant design tools within the AECO industry.",1.0.0,CC BY 3.0,"Agnieszka Jędrzejewska (agnieszka.jedrzejewska@polsl.pl), Maria Laura Leonardi (mlauraleonardi@gmail.com), Carlos Ramonell Cazador (carlos.ramonell@upc.edu)",,2025-06-30,"https://mlaura1996.github.io/EC1990/, https://doi.org/10.1016/j.aei.2025.104218","cc, dcterms, vann, skos, bot",,,Structural (Performance),,,
eepsa.ttl,The EEPSA Ontology.,eepsa,https://w3id.org/eepsa#,The EEPSA (Energy Efficiency Prediction Semantic Assistant) ontology puts together all the ontology modules and ODPs that form the EEPSA Ontology. It structures semantic guidance for energy efficiency modeling using the Ontology Design Patterns. Supports KDD-driven decision workflows for building performance optimization.,2.0,CC BY,"Iker Esnaola-Gonzalez <mailto:iker.esnaola@tekniker.es>
Jesús Bermúdez <mailto:jesus.bermudez@ehu.eus>",,2018-12-12,https://iesnaola.github.io/eepsa/EEPSA/index-en.html,"cc, dc, dcterms, bibo, vann, voaf, vs",,,Energy,,,
emmo.ttl,Elementary Multiperspective Material Ontology (EMMO),emmo,http://emmo.info/emmo#,"Developed by the European Materials Modelling Council, this ontology provides a physics-informed framework to describe materials from elementary particles to macroscopic structures supporting standardized modeling in materials science across scales and disciplines.",1.0.1,https://creativecommons.org/licenses/by/4.0/legalcode,"https://w3id.org/emmo#AdhamHashibon, https://w3id.org/emmo#EmanueleGhedini, https://w3id.org/emmo#GeorgSchmitz, https://w3id.org/emmo#GerhardGoldbeck, https://w3id.org/emmo#JesperFriis, https://emmc.eu",,2025-03-27,https://emmo-repo.github.io/,"bibo, foaf, vann, dcterms",,,Materials,,,
esair.ttl,calidad-aire,esair,http://vocab.linkeddata.es/datosabiertos/def/medio-ambiente/calidad-aire#,The vocabulary extends the W3C Semantic Sensor Network Ontology (SOSA) with properties that are specific for the representation of air quality data.,Ontología para describir datos de calidad del aire en una ciudad. En la versión 0.2 se añdieron referencias al tesauro de contaminantes (http://dd.eionet.europa.eu/vocabulary/aq/pollutant/) publicado por la European Environment Agency. En la versión 1.0 se ha actualizado la ontología a la última versión de la W3C Semantic Sensor Network Ontology (SOSA). En la versión 1.0.1 se han añadido tres nuevas propiedades que pueden ser medidas,Creative Commons Attribution 4.0 International (CC BY 4.0),"Hugo Lafuente (Localidata), Oscar Corcho (Ontology Engineering Group - Universidad Politécnica de Madrid, Localidata)",,2019-04-03,http://vocab.linkeddata.es/datosabiertos/def/medio-ambiente/calidad-aire#,"cc, dbr, dc, dcterms, vann, sosa",,,IoT Sensors/Actuators,Air (quality),,
facility.ttl,Facility Ontology,facility,https://cogito.iot.linkeddata.es/def/facility#,The COGITO Facility ontology aims at modelling facilities in the construction domain. It supports semantic representation of facility structures spaces and relationships enabling integration of facility related information within digital construction and facility management workflows.,0.12.0,http://purl.org/NET/rdflicense/cc-by4.0,"María Poveda Villalón, Raúl García Castro, Socorro  Bernardos Galindo",,2022,https://cogito.iot.linkeddata.es/def/facility/,"dc, dcterms, pi, s4bldg, geosparql, beo, bot",,,BE Product (Building),,COGITO,
ffdr.ttl,Firefighters' Data Requirements Ontology,ffdr,https://purl.org/ffdr-ontology#,"Defines building and environmental data needed by firefighters during emergencies. Captures spatial layouts, hazard indicators, and operational parameters to improve decision-making and response strategies. The ontology  ontology can be a basis for developing intelligent tools and systems that collect building components and environmental data from different sources.",V 2.0.0,"This work is licensed under a Creative Commons Attribution-NonCommercial 4.0 International.
 
License: https://creativecommons.org/licenses/by-nc/4.0/","Eyosias Guyo

Technische Universität Berlin, Germany
Trimble Solutions Oy, Finland

eyosias.guyo@trimble.com, Timo Hartmann

Technische Universität Berlin, Germany",,2022,https://doi.org/10.1016/j.aei.2023.101992,dcterms,,,Fire Safety,,,
fm-ener.ttl,Facility Management Building Energy Ontology for Renovative Design Decisons,fm-ener,,"FM Domain Ontology can be used as a part of a knowledge base in a BIM-supported Facility Management Knowledge Management System. One of the primary goals of this system could be to check if a building design, represented in the form of BIM, is compliant with energy performance-related FM design criteria. Accordingly, with the help of the FM Domain Ontology, an integrated and accelerated building design process can be established, where Design Experts can proactively ensure the optimal energy consumption of newly renovated facilities. The ontology contains the Paragraph 405.9.1.1, Paragraph 405.9.1.2, and Paragraph 405.9.1.3 of the International Energy Conservation Code (IECC) 2021  in the form of natural text, as well as in the form of SWRL rules.",,CC BY 4.0,,,2022,https://depositonce.tu-berlin.de/handle/11303/17259,"OWL, swrl, swrla, swrlb",,,Facilities Management,Energy,,
fmo.ttl,Failure Mechanism Ontology,fmo,https://w3id.org/fmo#,"The primary objective of the Failure Mechanism Ontology (FMO) is to represent masonry walls taking into account features and vulnerabilities that leads to a specific type of failure mechanism. This ontology is complementary to the Historic Masonry Ontology (HMO), of which represents an extension. The recommended prefix for this ontology is FMO, and its proposed namespace is https://w3id.org/fmo#. By utilizing the FMO ontology, it becomes possible to determine whether the structure is more susceptible to out-of-plane collapse or if in-plane failures are more likely. The scope is to facilitate the definition of the modeling assmptions, while employing global models for the structural analysis of unreinforced masonry constructions.",0.1,https://creativecommons.org/licenses/by/1.0,"Maria Laura Leonardi, Stefano Cursi, Elena Gigliarelli, José Granja, Daniel Oliveira, Miguel Azenha.",,2024-04-29,https://mlaura1996.github.io/FailureMechanismOntology/,"swrl, swrla, swrlb, terms, dot, hmo, beo",,,Quality,Structural (Performance),,
fog.ttl,FOG: File Ontology for Geometry formats,fog,https://w3id.org/fog#,"The File Ontology for Geometry formats (FOG) provides geometry schema specific relations between things (e.g. building objects) and their geometry descriptions. These geometry descriptions can be (1) RDF-based (e.g. using specific ontologies such as GEOM, OntoBREP, etc.), (2) RDF literals containing embedded geometry of existing geometry formats and (3) RDF literals containing a reference to an external geometry file. The FOG ontology extends the Ontology for Managing Geometry (OMG) and consists of three taxonomies of properties. The first two are related to standalone geometry descriptions, i.e. one for RDF-based geometry schemas with as root object property the omg:hasComplexGeometryDescription and one for existing geometry schemas that can be represented using RDF literals with as root datatype property omg:hasSimpleGeometryDescription. This first series of properties (e.g. fog:asGltf) is then splitted per version of the geometry schema (e.g. fog:asGltf_v2.0), which are again splitted further if the geometry format consists of different kind of files (e.g. fog:asGltf_v2.0-glb). The last taxonomy of properties extends the OMG datatype property omg:hasReferencedGeometryId and allows to define a geometry description as part of a larger geometry description, by mentioning the ID of the geometry object related to the geometry schema used. If a geometry schema contains multiple types of IDs, a distinction is made by defining more specific subproperties (e.g. fog:hasRevitId-element). The FOG ontology is incomplete by nature, as it is impossible to contain all existing geometry schemas.",0.0.4,CC BY 4.0,"https://www.researchgate.net/profile/Anna_Wagner13, https://www.researchgate.net/profile/Mathias_Bonduel, https://www.researchgate.net/profile/Pieter_Pauwels",,2020-01-14,https://w3id.org/fog#,"cc, dbp, dbr, dcterms, foaf, vann, voaf, wd, geosparql, omg",,,Geometry,,,
fso.ttl,The Flow Systems Ontology (FSO),fso,http://www.w3id.org/fso#,"Describes interconnected systems with material or energy flows. Represents components, connections, and operational states to enable analysis of building services and energy networks.",0.1.0,https://creativecommons.org/licenses/by/1.0/,"Ali Kücükavci, Mads Holten Rasmussen, Ville Kukkonen",,2020-08-06T12:00:00,https://github.com/alikucukavci/FSO/,"vann, voaf, dcterms",,,Facilities Management,Energy,,
geosparql.ttl,GeoSPARQL Ontology,geo,http://www.opengis.net/ont/geosparql#,"An OGC standard ontology for representing and querying geospatial data in RDF. Defines classes and properties for geometries, spatial relationships, and topological operations. Enables semantic interoperability across GIS and linked data applications. GeoSPARQL does not define a comprehensive vocabulary for representing spatial information. Instead GeoSPARQL defines a core set of classes, properties and datatypes that can be used to construct query patterns.",OGC GeoSPARQL 1.1,https://www.ogc.org/license,"OGC GeoSPARQL Standards Working Group, n2cbb74aaccb94c1f953302a46a255b73b1",,2021-10-27,https://opengeospatial.github.io/ogc-geosparql/,"dcterms, sdo, vann, skos, spec11, dbr",,,Geographic Information,,,OGC
gis4reno.ttl,GIS-based ontology for surrounding buildings to support building renovation,gis4reno,,"The ontology can be useful to create a knowledge management system for different experts involved in the process of the building renovation, to extend the in-formation and stretch the domain from the individual building to the environment. Knowledge about what entities and attributes to select is captured based on literature and investigating the pilot demonstration sites. An ontology can help to structure the surrounding data to support processes in different stages of the renovation. The final goal is to support planners in decision making process namely in site planning and pre-data collection phase, energy modelling, comfort analysis and so on to control cost and quality.",,GNU GPLv3,,,2020,https://depositonce.tu-berlin.de/handle/11303/11235,,,,BE Product (Building),,,
hbpo.ttl,Holistic Building Performance Ontology,hbpo,,"HBPO is designed to be unified and generalized building performance ontology as a comprehensive knowledge repository that bridges the gap between building information and performance models and embodies form, function, and behavior. HBPO focuses on acoustic, lighting, and energy domains as subsets to represent a range of sufficiently different domains. It encompasses essential data, relationships, and information requirements within and across these domains.",,,,,2025,"https://github.com/duyguutkucu/HBPO, https://doi.org/10.1016/j.autcon.2025.106197","pi, mat, beo, bot",,,Facilities Management,,,
hmo.ttl,Historic Masonry Ontology,hmo,https://w3id.org/hmo#,"The Historic Masonry Ontology (HMO) aims to represent the historic masonry material by considering its heterogeneous nature and defining the configuration of units and joints in the wall. The proposed namespace is , with the preferred prefix hmo.

The ontology includes reference masonry types and their mechanical parameters, together with a set of SWRL rules to deduce masonry quality and mechanical parameters for any other masonry type. The ontology is designed to be used with other existing ontologies and as a semantic enrichment of Building Information Modeling models, offering a wide range of applications in the field of construction and historic preservation.",0.1,https://creativecommons.org/licenses/by/1.0,"Maria Laura Leonardi, Stefano Cursi, Elena Gigliarelli, José Granja, Daniel Oliveira, Miguel Azenha.",,2024-04-02,https://mlaura1996.github.io/HistoricMasonryOntology/,"dcterms, vann, voaf, swrla, swrl, swrlb, foaf, mat, beo, saref, dot",,,BE Product (Building),BE Product (Infrastructure),,
icdd2ams.ttl,Asset Condition Integration from ICDD to AMS (icdd2ams),icdd2ams,https://icdd.vm.rub.de/ontology/icdd2ams#,Ontology for integrating BOT located asset conditions using eurotl and asbing ontologies into sql based asset management systems. It relates the condition to building elements.,,https://creativecommons.org/licenses/by/4.0/,"Philipp Hagedorn, Liu Liu",,2021-03-24,https://link.springer.com/chapter/10.1007/978-3-030-91877-4_127,"asbing, eurotl, prov, dcterms, vann, bot",,,BE Product (Infrastructure),Quality,,ICDD
idpo.ttl,Information Delivery Processes Ontology (IDPO),idpo,https://icdd.vm.rub.de/ontology/idpo#,"Models information delivery workflows in building projects, based on ISO-19650 and BPMN. Captures actors, appointments, information containers, requirements, and SHACL validation templates, facilitating semantic compliance and structured data delivery in construction planning.",v0.2,https://creativecommons.org/licenses/by/4.0/,"n4304f171f1d34ca18d855620de3bc4d0b1, n4304f171f1d34ca18d855620de3bc4d0b3",,2023-02-20,https://ceur-ws.org/Vol-3081/08paper.pdf,"bpmn, ct, dc, dcterms, prov, sdo, sh, skos, vann, voaf",,,Information Management,,,ISO 19650
ifc4-add2.ttl,IFC4_ADD2_TC1,ifc,https://standards.buildingsmart.org/IFC/DEV/IFC4/ADD2_TC1/OWL#,"Translates the IFC schema into OWL to represent BIM data as RDF graphs. Created via EXPRESS_to_OWL conversion for semantic interoperability across systems. For further reference, see https://technical.buildingsmart.org/standards/ifc/ifc-schema-specifications/.",,CC BY 3.0,"Pieter Pauwels (pipauwel.pauwels@ugent.be), Walter Terkaj  (walter.terkaj@itia.cnr.it)",,2019,https://technical.buildingsmart.org/standards/ifc/ifc-formats/ifcowl/,"cc, dc, vann",,,BE Product (Building),BE Product (Infrastructure),,
into.ttl,Infrastructure Topology Ontology,into,https://app.korfin.de/ontology/into#,The Infrastructure Topology Ontology (INTO) allows the definition of topologies that represent the infrastructure network and supports the modeling of microtopologies and all macrotopologies at higher abstraction levels as well as additional linking components for connecting the topology with geometry.,0.1,https://creativecommons.org/licenses/by/1.0,"nfd4563b746914b4294a07d970f83fc40b1, nfd4563b746914b4294a07d970f83fc40b2",,2024-05-10,https://ec-3.org/publications/conference/paper/?id=EC32024_292,"voaf, vann, foaf, dcterms",,,BE Product (Infrastructure),,,
io.ttl,Information Objects Ontology,io,http://bimerr.iot.linkeddata.es/def/information-objects#,Information object for adding information to building elements. It provides structured semantics for attaching and managing descriptive information supporting traceability coordination and integration of renovation related data within BIM enabled workflows.,0.0.3,http://purl.org/NET/rdflicense/cc-by4.0,"Serge Chávez-Feria, María Poveda-Villalón, http://www.oeg-upm.net/",,2020,https://bimerr.iot.linkeddata.es/,dcterms,,,Information Management,,BIMERR,
ioc.ttl,IOC: Internet of Construction Ontology,ioc,http://w3id.org/ioc#,"The Internet of Construction Process Ontology (ioc) is a top-level ontology for describing processes and process-data in the domain of construction. It is a ongoing work as part of the research project Internet of Construction lead by Prof. Dr. Sigrid Brell-Cokcan. The research is funded by the Federal Ministry of Education and Research of Germany within the indirective on a joint funding initiative in the field of innovation for production, services and labor of tomorrow.",0.5.1,CC BY,"Kirner, L., Individualized Production RWTH Aachen, Wildemann, P., Leonhard Weiss GmbH & Co. KG, Oraskari, J.",,2024-01-26,https://internet-of-construction.github.io/IoC-Process-Ontology/,"dcterms, vann, schema, vcard, prov, bot, cto, ifc4-add2, omg",,,Production (Process),Resources,,
iot.ttl,IoT ontology,iot,https://cogito.iot.linkeddata.es/def/iot#,The COGITO IoT ontology aims at modelling IoT devices and their measurements in the construction domain.,0.5.0,http://purl.org/NET/rdflicense/cc-by4.0,"María Poveda Villalón, Raúl García Castro, Socorro  Bernardos Galindo",,2022,https://cogito.iot.linkeddata.es/def/iot#,"dc, dcterms, facility, resource, saref",,,IoT Sensors/Actuators,,COGITO,
isoprops.ttl,ISO 23386 Property Ontology (ISOProps),isoprops,https://rub-informatik-im-bauwesen.github.io/ir-ontologies/isoprops/isoprops.html,"Implements standardized property assignments based on ISO-23386. Defines classes like AssignedProperty, Dictionary, and DictionarySubset to describe property references, dictionary structures, and values within data dictionaries for construction objects.",v2.2,https://creativecommons.org/licenses/by/4.0/,"n2472ae838fa844a6acac13273800a039b3, n2472ae838fa844a6acac13273800a039b5, n2472ae838fa844a6acac13273800a039b7",,2025-01-15,,"dc, dcat, opm, qudt, schema, skos, unit, vann, dt, tempo",,,Facilities Management,,,
kpi.ttl,Key Performance Indicator ontology,kpi,http://bimerr.iot.linkeddata.es/def/key-performance-indicator#,"The Key Performance Indicator Ontology aims to model the metrics defined at the beginning of building renovation activities to monitor the conformance with typical requirements related to energy efficient buildings. The conceptualization proposed also focuses on the relation between KPIs, projects and scenarios.",0.1.6,http://purl.org/NET/rdflicense/cc-by4.0,"María Poveda Villalón, Serge Chávez Feria",,2020,https://bimerr.iot.linkeddata.es/,"dc, dcterms, vann, time, building, io, mat",,,Energy,,BIMERR,
lca-c-reno.ttl,LCA-C Ontology,lca-c-renovation,,"Facilitates life-cycle assessment and life-cycle costing for renovation projects. Defines physical features, environmental and cost indicators, renovation products, and LCA/LCC workflows to support holistic evaluation of renovation options",1.1,GPL 3.0,,,2020,https://depositonce.tu-berlin.de/handle/11303/11740.2,dcterms,,,Energy,LCA,,
loin.ttl,Level of Information Need (LOIN) Ontology,loin,https://w3id.org/loin#,"The Level of Information Need (LOIN) Ontology is defined for specifying information requirements for delivery of data in a buildings' life cycle. The LOIN ontology is based on the standard BS EN 17412-1 (2020). Furthermore, it is extended with vocabulary for connecing Information Delivery Specifications (IDS) and Information containers for linked document delivery (ICDD) as per ISO 21597-1 (2020).",3.0,https://creativecommons.org/licenses/by/4.0/,"ne68b405704894797a5556eb082c7ac2bb3, ne68b405704894797a5556eb082c7ac2bb5, ne68b405704894797a5556eb082c7ac2bb7",,2025-01-15,https://ec-3.org/publications/conference/paper/?id=EC32023_221,"Container, Linkset, dc, dt, icdd4loin, ids4loin, schema, vann, vs, skos, isoprops, tempo",,,Information Management,,,LOIN
mat.ttl,Material properties ontology,mat,http://bimerr.iot.linkeddata.es/def/material-properties#,"The purpose of this ontology is the description of building components and materials. The materials taxonomy is taken from the Building Components and Materials Database used in the BIMERR Project. Finally, the structure for the association of features of interest, properties and their values follows the SAREF Ontology",0.0.8,CC BY 4.0,"María Poveda-Villalón (Ontology Engineering Group, Universidad Politécnica de Madrid), Serge Chávez-Feria (Ontology Engineering Group, http://www.oeg-upm.net/",,2020,https://bimerr.iot.linkeddata.es/,"dc, vann, building, saref",,,Materials,,BIMERR,
mdo.ttl,ASB-ING Ontology,asb,https://w3id.org/asbingowl/core#,the ”ASBING” - the German standard data model to describe infrastructural artefacts in many use cases. It supports semantic description of infrastructure elements especially bridges enabling standardised documentation of inspections conditions and quality information across diverse infrastructure management and assessment use cases within public asset maintenance planning monitoring reporting and decision making contexts.,,https://creativecommons.org/licenses/by/4.0,nb54696d7e2d64406b6802d74451d2597b1,,2022,https://publications.rwth-aachen.de/record/824017/files/824017.pdf,"dcterms, vann, foaf",,,BE Product (Infrastructure),Quality,,
mep.ttl,Distribution Element Ontology,mep,https://pi.pauwel.be/voc/distributionelement/index-en.html,"The Distribution Element Ontology provides an ontology based on the IfcDistributionElement subtree in the IFC specification, containing a taxonomy of classes that allow to define common distribution elements (actuators, flowterminals, ...).",January 28th 2019,https://creativecommons.org/licenses/by/1.0/,n0f9eac5cb6024db59f220e3308bfefceb1,,2019-01-28,,"dc, dcterms, gr, vann, voaf, vs, foaf, schema",,,BE Product (Building),IoT Sensors/Actuators,,
mns.ttl,Modelling and Standards Ontology,mns,https://w3id.org/mns#,"This ontology is developed to make the BIM Standards Landscape Explorer machine-readable on one hand, and also to create a connction between standards and other datasets and ontologies. This is a project from EC3 Modelling and Standards Committee. This is work-in-progress.",1.1,https://creativecommons.org/licenses/by/4.0/,"Arghavan Akbarieh, Goran Sibenik",,2025,https:\\doi.org\10.35490/EC3.2025.439,"cc, dcterms, foaf, dica",,,,,,
nen2660.ttl,"NEN 2660-2:2022 - Rules for information modelling of the built environment - Normative classes and properties (RDFS, OWL, and SHACL)",nen2660,https://w3id.org/nen2660/def#,"The NEN 2660 ontologies provide a standardized framework for information modeling in the built environment, aligning with the NEN 2660-2:2022 standard. Defines the core classes and properties for modeling entities, activities, and their relationships within the built environment, utilizing RDFS, OWL, and SHACL.",,,,,2022,https://www.nen.nl/nen-2660-2-2022-nl-291667,"quantitykind, qudt, sh, skos, time",,,"Standards, Codes and Certifications",Information Management,NEN 2660-2:2022,NEN 2660-2:2022 nl
ocqa.ttl,Ontology for Construction Quality Assurence (OCQA),ocqa,https://w3id.org/ocqa#,"OCQA is designed to represent explicit knowledge about the domain of quality inspection planning. The ontology is intended to provide a standardized vocabulary for describing concepts, entities, and relationships relevant to inspection planning in construction execution.",1.0,https://creativecommons.org/licenses/by/1.0,Sebastian Seiß,,2024-03-18,https://github.com/SebSeis/ocqa,"opm, vann, dcterms, seas, schema, dice, dicp, dica, dicv",,,Quality,,,
ofo.ttl,Occupant Feedback Ontology,ofo,https://w3id.org/ofo#,The aim of the Occupant Feedback Ontology is to semantically describe passive and active occupant feedback and to enable integration of this feedback with linked building data. Specifies the location of the occupants as in the building spaces.,1.0,CC BY 4.0,https://orcid.org/0000-0002-8809-3277,,2022,https://content.iospress.com/articles/semantic-web/sw223254,"dcterms, vann, skos, foaf, schema",,,Comfort,,,
omg.ttl,OMG: Ontology for Managing Geometry,omg,http://w3id.org/omg#,OMG is an ontology for describing geometry descriptions of objects. It provides means to support the application of multiple geometry descriptions of the same object as well as the description of the geometry evolution over time. The OMG is based the concepts introduced in the Ontology for Property Management (OPM) ontology.,0.3,CC BY 4.0,"https://www.researchgate.net/profile/Anna_Wagner13, https://www.researchgate.net/profile/Mathias_Bonduel, https://www.researchgate.net/profile/Pieter_Pauwels",,2018-11-28,"https://github.com/tudaIIB/omg, https://ec-3.org/publications/conferences/EC32019/papers/EC32019_146.pdf","dcterms, foaf, opm, prov, schema, seas, vann",,,BE Product (Building),,,
onem2m.ttl,oneM2M Base Ontology,onem2m,,"oneM2M (The Global Community That Develops Standards For IoT )'s Base Ontology constitutes a basis framework for specifying the_x000D_
semantics of data that are handled in oneM2M. Sub-classes of some of its_x000D_
concepts are expected to be defined by other bodies in order to enable_x000D_
semantic interworking. In particular interworking with non-oneM2M_x000D_
systems (e.g. Area Networks and their devices) should be facilitated.",3.7.3,,,,2019,https://git.onem2m.org/MAS/BaseOntology/-/blob/master/base_ontology.owl,,,,IoT Sensors/Actuators,,,TS-0012
op.ttl,Occupancy Profile ontology,op,http://bimerr.iot.linkeddata.es/def/occupancy-profile#,The Occupancy Profile ontology has been developed to represent people’s behavior inside buildings with a focus on the energy impact their actions produce. This ontology has been developed using the Occupancy Behavior XML Schema.,0.1.2,http://purl.org/NET/rdflicense/cc-by4.0,"http://www.oeg-upm.net/, María Poveda Villalón, Raúl García Castro, Serge Chávez Feria",,2020,https://bimerr.iot.linkeddata.es/,"dc, dcterms, vann, skos, time, foaf, building",,,Comfort,,BIMERR,
opm.ttl,OPM: Ontology for Property Management,opm,http://www.w3id.org/opm#,The Ontology for Property Management (OPM) is an ontology for describing temporal properties that are subject to changes as the building design evolves.,May 25th 2018,https://creativecommons.org/licenses/by/1.0/,"n0df564ef0f9340f4bc23da451188d75ab1, n0df564ef0f9340f4bc23da451188d75ab2",,2018-05-25,http://www.w3id.org/opm#,"vann, voaf, vs, foaf, dce, seas, dcterms",,,Facilities Management,,,
ph.ttl,Project Haystack,ph,https://project-haystack.org/def/ph/4.0.0#,"We standardize semantic data models and web services with the goal of making it easier to unlock value from the vast quantity of data being generated by the smart devices that permeate our homes, buildings, factories, and cities.

Applications include automation, control, energy, HVAC, lighting, and other environmental systems.",4.0.0,Academic Free License 3.0,,,2025,https://www.project-haystack.org/,,,,IoT Sensors/Actuators,,,
process.ttl,Process Ontology,process,https://cogito.iot.linkeddata.es/def/process#,The COGITO Process ontology aims at modelling the construction process. It provides semantic structures to represent workflows activities and dependencies supporting planning coordination and analysis of construction processes within digital construction environments.,0.11.0,http://purl.org/NET/rdflicense/cc-by4.0,"María Poveda Villalón, Raúl García Castro, Socorro  Bernardos Galindo",,2022,https://cogito.iot.linkeddata.es/def/process#,"dc, dcterms, facility, resource",,,Production (Process),,COGITO,
quality.ttl,Quality Ontology,quality,https://cogito.iot.linkeddata.es/def/quality#,The COGITO Quality ontology aims at modelling the construction quality domain. It models quality requirements assessments and related information enabling structured representation and integration of construction quality data across project phases.,0.13.0,http://purl.org/NET/rdflicense/cc-by4.0,"María Poveda Villalón, Raúl García Castro, Socorro  Bernardos Galindo",,2022,https://cogito.iot.linkeddata.es/def/quality#,"dc, dcterms, dcat, facility",,,Quality,,COGITO,
rdo.ttl,Roof Damage Ontology,rdo,https://w3id.org/rdo#,"This ontology provides a semantic framework for representing roof condition inspection information, including roofs and roof pitches, inspections, orthophotos, and image-derived defect observations. It is designed to support structured documentation, querying, and interoperability within digital twin–based workflows for roof condition monitoring and maintenance, particularly in the context of existing and heritage buildings.",0.5,https://creativecommons.org/licenses/by/4.0/,"Frederic Bosche, University of Edinburgh, Jiajun Li, Cyberbuild",,2026-02-06,https://w3id.org/rdo#,"dc, dcterms, vann, schema, foaf, pi, beo, dot",,,Quality,Safety,,
reloc.ttl,Relative Location Ontology,reloc,https://w3id.org/reloc#,"The Relative Location Ontology (RELOC) enables the expression of the spatial relationship between two objects using directional-topological terms. The ontology is designed to be compatible with the natural language-based approach of describing relative locations, enabling the conversion of existing location descriptions into structured spatial graph representations. The ontology provides directional, axis-related properties (e.g., longitudinal axis: front, center, rear) and topological properties (e.g., meet, contained in, intersect). These properties are finally merged into combined properties (e.g., containedInFront) to reflect the spatial information of statements like 'A is in the front part of B'. The application context of the RELOC Ontology is the processing of existing damage documentation of bridges.",1.0.0,https://creativecommons.org/licenses/by/4.0/,Anne Göbels,,2024-02-01,https://ceur-ws.org/Vol-3824/paper7.pdf,"dcterms, vann, skos",,,Geometry,,,
reno-inst.ttl,Reno-Inst Ontology,reno-inst,,"The Reno-Inst ontology was developed to represent concepts related to the installation of renovation elements in order to support the planning and scheduling of construction activities in residential building renovation projects. The ontology covers the installation of windows, ETICS panels, and radiators, which are common renovation elements. Other elements could be easily included. The ontology includes information on physical features, general installation procedures, constraints that should be considered, and additional elements such as workforce, time, and tools requirements.",0.1.1,GPL 3.0,bim-speed/Jerson Pinzon,,2020-10-31T12:00:00,https://depositonce.tu-berlin.de/handle/11303/11740.2,dcterms,,,Energy,,,
renp.ttl,Renovation Processes and Work Orders Ontology,renp,http://bimerr.iot.linkeddata.es/def/renovation-process#,Process ontology developed in the context of building renovation. It models renovation related workflows tasks relationships and temporal aspects enabling semantic description analysis and coordination of renovation processes within BIM based project environments.,0.0.3,CC BY 4.0,"María Poveda-Villalón, Serge Chávez-Feria, http://www.oeg-upm.net/",,2020,https://bimerr.iot.linkeddata.es/,"dc, vann, building, saref",,,Production (Process),,BIMERR,
resource.ttl,Resource ontology,resource,https://cogito.iot.linkeddata.es/def/resource#,The COGITO Resource ontology aims at modelling resources in the construction domain. It represents labour equipment and material resources and supports semantic linking between resources processes and facilities within digital construction workflows.,0.7.0,http://purl.org/NET/rdflicense/cc-by4.0,"María Poveda Villalón, Raúl García Castro, Socorro  Bernardos Galindo",,2022,https://cogito.iot.linkeddata.es/def/resource#,"dc, dcterms, geosparql, iot, saref",,,Resources,,COGITO,
safety.ttl,Safety Ontology,safety,https://cogito.iot.linkeddata.es/def/safety#,The COGITO Safety ontology aims at modelling the safety of the construction domain. It models safety related resources facilities and conditions enabling semantic description and integration of safety information within digital construction and monitoring systems.,0.6.0,http://purl.org/NET/rdflicense/cc-by4.0,"María Poveda Villalón, Raúl García Castro, Socorro  Bernardos Galindo",,2022,https://cogito.iot.linkeddata.es/def/safety#,"dc, dcterms, sf, facility, resource",,,Safety,,COGITO,
sao.ttl,Stream Annotation Ontology,sao,http://iot.ee.surrey.ac.uk/citypulse/ontologies/sao/sao#,"Representing IoT data streams is an important requirement in semantic stream data applications, as well as in knowledge-based environments for Smart Cities. SAO aims to semantically represent the features of a data stream defining the specifications of an information model on top of Semantic Sensor Networks (SSN), PROV-O and TimeLine Ontologies, and involves connections with the Complex Event Processing Ontology and Quality Ontology.",,CC BY 3.0,,,2016,http://iot.ee.surrey.ac.uk/citypulse/ontologies/sao/sao,,,,IoT Sensors/Actuators,,,
saref.ttl,SAREF: the Smart Applications REFerence ontology,saref,https://saref.etsi.org/core/,"SAREF specifies the recurring core concepts in the Smart Applications domain, the main relationships between these concepts, and axioms to constrain the usage of these concepts and relationships.",v4.1.1,https://forge.etsi.org/etsi-software-license,"http://maxime-lefrancois.info/me#, http://www.garcia-castro.com/foaf.rdf#me, https://w3id.org/people/mpoveda/, https://www.linkedin.com/in/bouterca, https://www.linkedin.com/in/giulia-biagioni, https://www.linkedin.com/in/david-gnabasik-0056a0ba/, https://www.linkedin.com/in/lauradaniele, https://www.etsi.org/",,2024-03-06,https://saref.etsi.org/core/,"skos, time, dcterms, vann, saref4syst",,,IoT Sensors/Actuators,,Smart Applications Reference,
saref4agri.ttl,SAREF4AGRI: an extension of SAREF for the agriculture and food domain,s4agri,https://saref.etsi.org/saref4agri/,"Estension of SAREF for the agriculture and food domain. Extends SAREF for agriculture with classes for sensors, platforms, crop yield, livestock, and irrigation. Aligned with SSN, SOSA, GeoSPARQL, ICAR, Plant Ontology, and AEF. Defined in ETSI TS?103?410?6.",v2.1.1,https://forge.etsi.org/etsi-software-license,"http://w3id.org/people/mpoveda, http://www.garcia-castro.com/foaf.rdf#me, https://www.linkedin.com/in/lauradaniele, https://www.linkedin.com/in/mderoode, https://www.linkedin.com/in/bouterca, https://www.researchgate.net/profile/Jack_Verhoosel, http://maxime-lefrancois.info/me#, https://www.etsi.org/",,2024-04-14,https://saref.etsi.org/saref4agri/,"dcterms, s4bldg, time, foaf, vann, dbr, saref, sosa, ssn, geosparql",,,IoT Sensors/Actuators,,Smart Applications Reference,
saref4auto.ttl,SAREF4AUTO: an extension of SAREF for the automotive domain,s4auto,https://saref.etsi.org/saref4auto/,"Estension of SAREF for the automotive domain. For all the entities described in the technical specification ETSI TS 103 410-7, it is indicated whether they are defined in the SAREF4AUTO extension or elsewhere by the prefix included before their identifier, i.e. if the element is defined in SAREF4AUTO, the prefix is s4auto, while if the element is reused from another ontology, it is indicated by a prefix according to the Namespace Declarations section.",v2.1.1,https://forge.etsi.org/etsi-software-license,"http://maxime-lefrancois.info/me#, https://www.etsi.org/",,2025-04-10,https://saref.etsi.org/saref4auto/v2.1.1/,"skos, dcterms, vann, saref, saref4syst",,,IoT Sensors/Actuators,Mobility,Smart Applications Reference,
saref4bldg.ttl,SAREF4BLDG: an extension of SAREF for the building domain,s4bldg,https://w3id.org/def/saref4bldg,"Extension of SAREF for the building domain based on the ISO 16739 standard (IFC). SAREF4BLDG is meant to enable the (currently missing) interoperability among various actors (architects, engineers, consultants, contractors, and product component manufacturers, among others) and applications managing building information involved in the different phases of the building life cycle (Planning and Design, Construction, Commissioning, Operation, Retrofitting/Refurbishment/Reconfiguration, and Demolition/Recycling). By using SAREF4BLDG, smart appliances from manufacturers that support the IFC data model will easily communicate with each other. Towards this aim, SAREF4BLDG should be used to annotate (or generate) neutral device descriptions to be shared among various stakeholders.",v2.1.1,https://forge.etsi.org/etsi-software-license,"http://purl.org/net/mpoveda, http://www.garcia-castro.com/foaf.rdf#me, https://www.etsi.org/",,2025-04-24,https://w3id.org/def/saref4bldg,"dcterms, vann, geosparql, saref",,,IoT Sensors/Actuators,BE Product (Building),Smart Applications Reference,ISO 16739
saref4city.ttl,SAREF4CITY: an extension of SAREF for the Smart City domain,s4city,https://saref.etsi.org/saref4city/,"Estension of SAREF for the Smart Cities domain. Adds urban concepts to SAREF including event, public service, KPI, city object, spatial area, and measurement. Captures smart city use cases like eHealth, parking, street lighting, mobility, and air quality, per ETSI TS?103?410?4.",v2.1.1,https://forge.etsi.org/etsi-software-license,"http://w3id.org/people/mpoveda, http://www.garcia-castro.com/foaf.rdf#me, https://www.linkedin.com/in/paolaespinoza-arias/, https://www.etsi.org/",,2025-04-11,https://saref.etsi.org/s4city/,"dc, cpsv, time, vann, sf, skos, org, foaf, geosparql, saref",,,IoT Sensors/Actuators,Air (quality),Smart Applications Reference,
saref4ehaw.ttl,SAREF4EHAW: an extension of SAREF for eHealth Ageing Well domain,s4ehaw,https://saref.etsi.org/saref4ehaw/,"Estension of SAREF for eHealth Ageing Well domain. It has the following modules: HealthActor module that models eHealth system actors, i.e. caregivers, patients, users, helpers and responsibility parties; Ban module that models Body Area Networks or BANs; HealthDevice module that models health devices, e.g. sensors and actuators; FunctionalDevice module that models functional devices: Those devices are non-purely eHealth/ageing-well devices that can be used for modelling/detecting activities or behaviours of patients/users, like for example beacons that can detect indoor positioning of a patient in a house; Function module that models observation and actuation functions (via the Command class), as well as observations.",v2.1.1,https://forge.etsi.org/etsi-software-license,"http://www-public.imtbs-tsp.eu/~girodgen/, https://www.etsi.org/",,2025-04-25,https://saref.etsi.org/saref4ehaw/v2.1.1/,"foaf, vann, voaf, dcterms, skos, saref, saref4syst, saref4wear",,,IoT Sensors/Actuators,,Smart Applications Reference,
saref4ener.ttl,SAREF for Energy Flexibility,s4ener,https://saref.etsi.org/saref4ener/,"Extension of SAREF to enable the interconnection of (different) data models. Extends SAREF to model demand-response scenarios for smart homes. Defines classes for flexibility in energy loads, control events, device states, and slots, enabling semantic interconnection of appliances and energy management systems. Complies with ETSI TS?103?410?1 and CENELEC standards",v2.1.1,https://forge.etsi.org/etsi-software-license,"https://www.linkedin.com/in/bouterca/, https://www.linkedin.com/in/giulia-biagioni, https://www.linkedin.com/in/lauradaniele, https://www.etsi.org/",,2025-06-05,https://saref.etsi.org/s4ener/,"dcterms, foaf, time, vann, saref",,,IoT Sensors/Actuators,Energy,Smart Applications Reference,
saref4envi.ttl,SAREF4ENVI: an extension of SAREF for the Environment domain,s4envi,https://saref.etsi.org/saref4envi/,"Extension of SAREF for the environment domain (light polution). Enhances SAREF with environmental and light pollution concepts. Introduces classes for photometers, light properties, measurement interfaces, and communication protocols. Built per ETSI TS?103?410?2 with expert input from the STARS4ALL project.",v2.1.1,https://forge.etsi.org/etsi-software-license,"http://maxime-lefrancois.info/me#, https://orcid.org/0000-0002-6540-8547, https://www.etsi.org/",,2025-04-11,https://saref.etsi.org/s4envi/,"org, skos, time, vann, vcard, dcterms, foaf, geosparql, saref4syst, saref",,,IoT Sensors/Actuators,Lighting,Smart Applications Reference,
saref4grid.ttl,SAREF4GRID: an extension of SAREF for the Smart Grid domain,s4grid,https://saref.etsi.org/saref4grid/,"Estension of SAREF for the Smart Grid. Models smart grid entities such as meters, network interfaces, activity calendars, firmware, schedules, breaker states, and actions. Designed for grid management, demand control, and remote meter interaction under ETSI TS?103?410?12",v2.1.1,https://forge.etsi.org/etsi-software-license,"https://www.linkedin.com/in/sergio-mario-carulli-p%C3%A9rez-7632b5217/, http://www.garcia-castro.com/foaf.rdf#me, http://w3id.org/people/mpoveda, https://www.etsi.org/",,2024-06-05,https://saref.etsi.org/s4grid/,"dcterms, vann, schema, oneM2M, saref",,,IoT Sensors/Actuators,Energy,Smart Applications Reference,
saref4inma.ttl,SAREF4INMA: an extension of SAREF for the industry and manufacturing domain,s4inma,https://saref.etsi.org/saref4inma/,"Estension of SAREF for the industry and manufacturing domain. Models industry and manufacturing domain aspects within SAREF. Defines categories for production equipment, materials, deployments, and processes. Supports traceability of factory items and aligns with RAMI?4.0 standards, as specified in ETSI TS?103?410?5.",v2.1.1,https://forge.etsi.org/etsi-software-license,"http://www.garcia-castro.com/foaf.rdf#me, https://www.linkedin.com/in/albafernandezizquierdo, https://www.linkedin.com/in/lauradaniele, https://www.linkedin.com/in/mderoode, https://www.etsi.org/",,2025-04-12,https://saref.etsi.org/saref4inma/v2.1.1/,"vann, s4bldg, dct, skos, geosparql, saref",,,IoT Sensors/Actuators,Manufacturing,Smart Applications Reference,
saref4lift.ttl,SAREF4WEAR: an extension of SAREF for the Smart Lifts domain,s4lift,https://saref.etsi.org/saref4lift/,"Estension of SAREF for the Smart Lift. Introduces concepts for elevators including systems, connections, alarms, sensors, and maintenance states. Represents lift domain scenarios based on industrial use cases, formalized in ETSI TS?103?410?11.",v2.1.1,https://forge.etsi.org/etsi-software-license,"https://www.linkedin.com/in/mahdi-bennara/, https://pdi.fbk.eu/people/profile/dragoni, https://www.linkedin.com/in/albafernandezizquierdo, http://www.garcia-castro.com/foaf.rdf#me, http://www.maxime-lefrancois.info/, https://www.etsi.org/",,2025-06-05,https://saref.etsi.org/s4lift/,"s4bldg, vann, dcterms, skos, saref4syst, saref, geosparql",,,IoT Sensors/Actuators,BE Product (Building),Smart Applications Reference,
saref4syst.ttl,SAREF4SYST: an extension of SAREF for typology of systems and their inter-connections,s4syst,https://saref.etsi.org/saref4syst/,Extension of SAREF for typology of systems and their inter-connections,v1.1.2,https://forge.etsi.org/etsi-software-license,"http://maxime-lefrancois.info/me#, https://www.etsi.org/",,2020-06-14,https://saref.etsi.org/s4syst/,"dcterms, vann",,,IoT Sensors/Actuators,,Smart Applications Reference,
saref4watr.ttl,SAREF4WATR: an extension of SAREF for the water domain,s4watr,https://saref.etsi.org/saref4watr/,"Estension of SAREF for the Water domain. Extends SAREF with water-system semantics, defining tariffs, water use, infrastructure assets, devices, meters, and environmental features like aquifers and channels. Based on ETSI TS?103?410?10.",v2.1.1,https://forge.etsi.org/etsi-software-license,"http://www.garcia-castro.com/foaf.rdf#me, https://www.etsi.org/",,2025-04-24,https://saref.etsi.org/saref4watr/,"dcterms, vann, time, sf, schema, saref, saref4city, saref4syst, geosparql",,,IoT Sensors/Actuators,Water,Smart Applications Reference,
saref4wear.ttl,SAREF4WEAR: an extension of SAREF for the Wearables domain,s4wear,https://saref.etsi.org/saref4wear/,"Estension of SAREF for the wearables domain. Defines wearable device and sensor concepts, including user health monitoring and event detection. Built modularly for healthcare, open-air events, and indoor tracking, as per ETSI TS?103?410?9.",v2.1.1,https://forge.etsi.org/etsi-software-license,"http://www.garcia-castro.com/foaf.rdf#me, https://www.linkedin.com/in/maurodragoni/MauroDragoni, https://www.etsi.org/",,2025-05-22,https://saref.etsi.org/saref4wear/v2.1.1/,"vann, voaf, schema, dcterms, geosparql, saref, saref4city, saref4syst",,,IoT Sensors/Actuators,,Smart Applications Reference,
sbeo.ttl,SBEO: Smart Building Evacuation Ontology,sbeo,https://w3id.org/sbeo#,"The core SBEO covers the concepts related to the geometry of building, devices and components of the building, route graphs correspondent to the building topology, users’ characteristics and preferences, situational awareness of both building (hazard detection, status of spaces (or routes) in terms of availability and occupancy) and users (tracking, management of groups, status in terms of fitness), and emergency evacuation.",0.5,https://www.gnu.org/licenses/gpl.html,https://orcid.org/0000-0002-7944-2594,,2022-07-26T10:16:00,https://w3id.org/sbeo,"dc, olo, foaf, seas, skos, vann, schema, dcterms, sosa",,,Safety,Fire Safety,,
sd.ttl,Sensor Data ontology,sd,http://bimerr.iot.linkeddata.es/def/sensor-data#,The Sensor Data ontology has been developed to represent measurements generated by sensors located inside building spaces. It also includes specific concepts and properties to model sensors and actuators records that follow the SenML standard. This model allows the representation of resolved and unresolved records if required.,0.0.3,http://purl.org/NET/rdflicense/cc-by4.0,"María Poveda-Villalón, Serge Chávez-Feria., http://www.oeg-upm.net/",,2020,https://bimerr.iot.linkeddata.es/,"dc, dcterms, vann, building",,,IoT Sensors/Actuators,,BIMERR,
seas.ttl,SEAS Ontology,seas,https://w3id.org/seas/seas-1.1,"A modular OWL ontology modeling energy systems and devices in buildings. It reuses standards and supports extensibility for gas, water, and more. Designed following best practices, it underpins applications using RDF vocabularies and linked infrastructure",v1.0,Apache-2.0,http://maxime-lefrancois.info/me#,,2016-05-25,https://github.com/thesmartenergy/seas,"cc, dc, pep, foaf, rdfp, vann, voaf",,,Energy,BE Product (Building),,
sml.ttl,"EN 17632-1:2022 / EN 17632-2:2024 - BIM Semantic modelling and linking (SML) - Normative classes and properties (RDFS, OWL, and SHACL)",sml,https://w3id.org/sml/def#,"Defines the normative RDFS, OWL, and SHACL classes and properties for construction digital data, promoting consistent semantic modeling and validation following CEN/TC?442 standards for interoperability across lifecycle information.",,,,,,"https://standards.cencenelec.eu/dyn/www/f?p=CEN:110:0::::FSP_PROJECT, FSP_ORG_ID:67839, 1991542&cs=1BCE2DE4154949B53FB406C2D4EE5011D  https://standards.cencenelec.eu/dyn/www/f?p=CEN:110:0::::FSP_PROJECT, FSP_ORG_ID:76161, 1991542&cs=1D40D0701E13D1851B42C956BA0006B3C   https://github.com/Stichting-CROW/sml/?tab=readme-ov-file","quantitykind, qudt, sh, skos, sml, time, sosa",,,"Standards, Codes and Certifications",Information Management,EN 17632-1:2022 / EN 17632-2:2024,"CEN EN 17632-1:2022, CEN EN 17632-2:2025"
sosa.ttl,"Sensor, Observation, Sample, and Actuator (SOSA) Ontology",sosa,http://www.w3.org/ns/sosa/,"The Semantic Sensor Network (SSN) ontology is an ontology for describing sensors and their observations, the involved procedures, the studied features of interest, the samples used to do so, and the observed properties, as well as actuators. SSN follows a horizontal and vertical modularization architecture by including a lightweight but self-contained core ontology called SOSA (Sensor, Observation, Sample, and Actuator) for its elementary classes and properties. With their different scope and different degrees of axiomatization, SSN and SOSA are able to support a wide range of applications and use cases, including satellite imagery, large-scale scientific monitoring, industrial and household infrastructures, social sensing, citizen science, observation-driven ontology engineering, and the Web of Things. Both ontologies are described below, and examples of their usage are given.",,http://www.opengeospatial.org/ogc/Software,n44b28d2e72fc48c3aff4c80bf92830a7b1,,2017-04-17,http://www.w3.org/ns/sosa/,"foaf, skos, time, vann, voaf, schema, dcterms",,,IoT Sensors/Actuators,,,
ssn.ttl,Semantic Sensor Network Ontology,ssn,http://www.w3.org/ns/ssn/,"The Semantic Sensor Network (SSN) ontology is an ontology for describing sensors and their observations, the involved procedures, the studied features of interest, the samples used to do so, and the observed properties, as well as actuators. SSN follows a horizontal and vertical modularization architecture by including a lightweight but self-contained core ontology called SOSA (Sensor, Observation, Sample, and Actuator) for its elementary classes and properties. With their different scope and different degrees of axiomatization, SSN and SOSA are able to support a wide range of applications and use cases, including satellite imagery, large-scale scientific monitoring, industrial and household infrastructures, social sensing, citizen science, observation-driven ontology engineering, and the Web of Things","New modular version of the SSN ontology. 

This ontology was originally developed in 2009-2011 by the W3C Semantic Sensor Networks Incubator Group (SSN-XG). For more information on the group's activities see: http://www.w3.org/2005/Incubator/ssn/. The ontology was revised and modularized in 2015-2017 by the W3C/OGC Spatial Data on the Web Working Group, see: https://www.w3.org/2015/spatial/wiki/Semantic_Sensor_Network_Ontology. 

In particular, (a) the scope is extended to include actuation and sampling; (b) the core concepts and properties are factored out into the SOSA ontology. The SSN ontology imports SOSA and adds formal axiomatization consistent with the text definitions in SOSA, and adds classes and properties to accommodate the scope of the original SSN ontology.",http://www.opengeospatial.org/ogc/Software,na3e4a659d26845ef9684f9d455da08b7b1,,2017-04-17,https://www.w3.org/TR/vocab-ssn/,"foaf, skos, vann, voaf, dcterms, sosa",,,IoT Sensors/Actuators,,,
stg.ttl,STG: Scan-to-Graph,stg,https://github.com/JWerbrouck/scan-to-graph/blob/master/stg.ttl,"A framework called ï¿½scan-to-graphï¿½ (STG) is proposed to integrate the concepts of scan-to-BIM with Semantic Web technologies, as these could provide answers to the above-mentioned challenges, most notably on documentation of uncertainties, sources and modelling decisions, element classification and cross-discipline information linking.",May 3rd 2018,,,,June 1st 2018,https://www.sciencedirect.com/science/article/pii/S0926580520300674#f0020,"dcterms, dce, geosparql",,,BE Product (Building),Remote Sensing,,
tempo.ttl,Data Template Ontology (TempO),tempo,https://w3id.org/tempo#,The Data Template (DT) Ontology is based on concepts and principles for creating templates from ISO 23387 and the associated XML data schema,2.1,https://creativecommons.org/licenses/by/4.0/,"n5010cef693c94090b48f0a8e4d4b267bb1, n5010cef693c94090b48f0a8e4d4b267bb3, n5010cef693c94090b48f0a8e4d4b267bb5, n5010cef693c94090b48f0a8e4d4b267bb7, n5010cef693c94090b48f0a8e4d4b267bb9",,2025-01-15,,"dc, dcat, qudt, vann, schema, isoprops, unit, skos, loin",,,BE Product (Building),BE Product (Infrastructure),,"ISO 23386, ISO 23387, ISO 7817"
th-actor.ttl,Users and Preference Information,th-actor,https://www.auto.tuwien.ac.at/downloads/thinkhome/ontology/ActorOntology.owl#,An ontology describing user information and preferences for a Smart Home System. Part of ThinkHome ontologies. It is an OWL model representing user comfort preferences within a smart home. It supports multi-value schedules and aligns with energy optimization use cases.,1.01,,,,2013,https://www.auto.tuwien.ac.at/index.php/research-fields/ontology/users-and-preference-information,time,,,Comfort,,,
th-building.ttl,Architecture and Building Physics Information Ontology,th-building,https://www.auto.tuwien.ac.at/downloads/thinkhome/ontology/BuildingOntology.owl#,"An ontology representing building information (e.g. structure, material, architecture) for Smart Home Systems. It originates from the ThinkHome project and supports semantic modelling of buildings and their physical characteristics for analysis, control, and integration in intelligent building environments.",1.12 Building Information Ontology,,,,2013,https://www.auto.tuwien.ac.at/index.php/research-fields/ontology/architecture-and-building-physics-information,"swrl, swrlb, th-sharedvoc",,,BE Product (Building),,,
th-energy.ttl,Energy and Resource Information,th-energy,https://www.auto.tuwien.ac.at/downloads/thinkhome/ontology/EnergyResourceOntology.owl#,"Models energy usage and resource flows in smart home systems with versioned OWL ontologies, capturing consumption metrics, device interactions, and resource dependencies to support intelligent energy management.",1.03 EnergyResource Ontology,,,,2013,https://www.auto.tuwien.ac.at/index.php/research-fields/ontology/energy-and-resource-information,"time, owlapi, timezone",,,Energy,,,
th-process.ttl,User Behavior and Building Process Information,th-process,https://www.auto.tuwien.ac.at/downloads/thinkhome/ontology/ProcessOntology.owl#,An ontology from the ThinkHome project capturing user occupancy parameters and interactions with building systems. It models behavioral patterns and process information to support energy efficiency and adaptive control.,1.14 Process and Profiles Ontology,,,,2013,https://www.auto.tuwien.ac.at/index.php/research-fields/ontology/user-behavior-and-building-process-information,time,,,Energy,,,
th-sharedvoc.ttl,Buildling Ontology Shared Vocabulary,th-sharedvoc,https://www.auto.tuwien.ac.at/downloads/thinkhome/ontology/BuildingOntologySharedVocabulary.owl,Shared vocabulary created to support and extend the ThinkHome building ontology. It provides common terminology for building related concepts enabling alignment and reuse across smart home and building information ontologies originating from the same ontology family.,1.12 Building Information Shared Vocabulary Ontology,,,,2013,https://www.auto.tuwien.ac.at/index.php/research-fields/ontology/architecture-and-building-physics-information,,,,BE Product (Building),,,
th-weather.ttl,Weather and Exterior Influence Information,th-weather,https://www.auto.tuwien.ac.at/downloads/thinkhome/ontology/WeatherOntology.owl#,"An ontology representing exterior influences for Smart Home Systems. Part of ThinkHome ontologies. It captures external weather observations (temperature, humidity, pressure, wind, pollution) tied to spatial locations and time, enabling predictive control in smart home systems.",1.03,,,,2013,https://www.auto.tuwien.ac.at/index.php/research-fields/ontology/weather-and-exterior-influence-information,"time, wgs84_pos",,,Weather/Climate,,,
unocs.ttl,Digital Construction Agents,unocs,https://w3id.org/unocs#,"UNOCS is a safety ontology designed to unify construction safety knowledge from diverse sources, enabling automated reasoning, safety rule checking, and improved hazard identification. By integrating data from BIM, IoT, and virtual training, it supports informed decision-making and enhances interoperability among stakeholders.",,https://creativecommons.org/licenses/by/4.0/,"Kilian Speiser, Sebastian Seiß",,2024,https://doi.org/10.1016/j.autcon.2025.106293,"dc, dcterms, vann, schema, opm, bot, dica, dicc, dice, dici, dicp, dicv, ocqa",,,Safety,,,
weat.ttl,BIMERR Weather Ontology,weat,https://bimerr.iot.linkeddata.es/def/weather/,Ontology for weather phenomena and exterior conditions. It supports semantic modelling of external weather data and climate parameters facilitating integration of environmental context into building energy analysis and renovation performance assessment.,,http://creativecommons.org/licenses/by/4.0/,"Salvador González-Gerpe https://www.linkedin.com/in/artificialintelligence-researcher-salvadorgonzalezgerpe, https://oeg.fi.upm.es/",,2020,https://bimerr.iot.linkeddata.es/,"dc, dcterms, vann, schema, wgs84_pos, skos, sosa, ssn, saref",,,Weather/Climate,,BIMERR,
wgs84.ttl,WGS84 Geo Positioning: an RDF vocabulary,wgs84,https://w3.org/2003/01/geo/wgs84_pos#,"This is a basic RDF vocabulary that provides the Semantic Web community with a namespace for representing lat(itude), long(itude) and other information about spatially-located things, using WGS84 as a reference datum. This vocabulary begins an exploration of the possibilities of representing mapping/location data in RDF, and does not attempt to address many of the issues covered in the professional GIS world, notably by the Open Geospatial Consortium (OGC). Instead, we provide just a few basic terms that can be used in RDF (eg. RSS 1.0 or FOAF documents) when there is a need to describe latitudes and longitudes. The motivation for using RDF as a carrier for lat/long info is RDF's capability for cross-domain data mixing. We can describe not only maps, but the entities that are positioned on the map. And we can use any relevant RDF vocabularies to do so, without the need for expensive pre-coordination, or for changes to a centrally maintained schema.",1.21,,,,2006,WGS84 Geo Positioning: an RDF vocabulary,"dc, wgs84_pos, foaf",,,Geographic Information,,,
